base	reading	count
歳	とし	14
斬	や	11
微笑	わら	11
北海道	えぞち	10
守	かみ	7
退	ひ	6
体	てい	6
現在	いま	6
斤	ポンド	6
臥	ね	5
将来	さき	5
小	こ	5
中間	ちゆうげん	5
御徒士	おかち	5
奪	と	5
喪	うしな	5
樹	た	5
訊	き	4
神輿	みこし	4
拵	こしら	4
薙	な	4
妓	おんな	4
切尖	きつさき	4
体	たい	4
戌	いぬ	4
斥候	ものみ	4
肚	はら	4
悪党	ばらがき	4
使番	つかいばん	4
殺	や	4
御預	おあずかり	4
故郷	くに	4
山	やま	4
日和	ひより	4
呼吸	いき	4
者	もの	3
二重	ふたえ	3
宿	しゆく	3
行燈	あんどん	3
姫	ひい	3
発	た	3
巫女	みこ	3
一刻	にじかん	3
勤仕	ごんし	3
巧緻	こうち	3
日向	びなた	3
憑	つ	3
小技	こわざ	3
袈裟	けさ	3
旅籠	はたご	3
白粉	おしろい	3
厭	いや	3
悪戯	いたずら	3
宙	ちゆう	3
摺	す	3
大	おお	3
性分	しようぶん	3
韮山	にらやま	3
蟠踞	ばんきよ	3
義兄	にい	3
遭	あ	3
遁	に	3
舐	な	3
傷	て	3
傭	やと	3
狡猾	こうかつ	3
料簡	りようけん	3
面	つら	3
服	の	3
翳	かげ	3
階下	した	3
脱	ぬ	3
機	しお	3
病源体	ビールス	3
肝煎	きもいり	3
昌宜	まさよし	3
義兄	あに	3
弾	はじ	3
噴	ふ	3
壬生	みぶ	3
他人	ひと	3
人	にん	3
登楼	あが	3
佩刀	はいとう	3
懦弱	だじやく	3
豊玉	ほうぎよく	3
真蒼	まつさお	3
物憂	ものう	3
定府	じようふ	3
野老	ところ	3
殲滅	せんめつ	3
甲冑	かつちゆう	3
法度	はつと	3
尚志	なおむね	3
落籍	ひか	3
癒	なお	3
堕	お	3
戊辰	ぼしん	3
装填	そうてん	3
麾下	きか	3
施条砲	せじようほう	3
勇	いさみ	2
上石原	かみいしわら	2
洒落	しやれ	2
茨垣	ばらがき	2
露	あら	2
大尽	だいじん	2
丑	うし	2
薬研	やげん	2
熱燗	あつかん	2
納屋	なや	2
陽	ひ	2
刻	こく	2
嗅	か	2
軒	のき	2
媾合	こうごう	2
猿渡家	さわたりけ	2
狎	な	2
鞘	さや	2
天領	てんりよう	2
内蔵	くらの	2
助	すけ	2
技	わざ	2
業物	わざもの	2
鑑定	めきき	2
間合	まあい	2
左三巴	ひだりみつどもえ	2
飯盛女	おじやれ	2
田圃	たんぼ	2
垢	あか	2
敵娼	あいかた	2
面	めん	2
月代	さかやき	2
仁	じん	2
馬庭	まにわ	2
頸	くび	2
実家	さと	2
竹刀	しない	2
他行	たぎよう	2
低声	こごえ	2
定法	じようほう	2
出籠手	でごて	2
肘	ひじ	2
試合	よせ	2
仇	あだ	2
風	ふう	2
石翠	せきすい	2
草鞋	わらじ	2
手甲	てつこう	2
脚絆	きやはん	2
流行	はや	2
下刻	げこく	2
募	つの	2
衢地	くち	2
欅	けやき	2
衝	つ	2
斃	たお	2
先	せん	2
粗	あら	2
俄	にわ	2
燧石	いし	2
松明	たいまつ	2
脂	あぶら	2
雁首	がんくび	2
滲	し	2
気組	きぐみ	2
除	の	2
蒙	こうむ	2
竜馬	りようま	2
祟	たた	2
嶮	けわ	2
停止	ちようじ	2
迅	はや	2
乾	かわ	2
十時	よつつ	2
下知	げち	2
猪口	ちよこ	2
下戸	げこ	2
鎖	くさり	2
討	や	2
具足	ぐそく	2
湧	わ	2
頭	がしら	2
麻疹	はしか	2
現代	こんにち	2
洋夷	ようい	2
松屋町	まつちやまち	2
海保帆平	かいほはんぺい	2
慷慨	こうがい	2
大和	やまと	2
湊川	みなとがわ	2
購	もと	2
和泉	いずみの	2
差料	さしりよう	2
挙措	きよそ	2
烏合	うごう	2
門扉	もんぴ	2
須弥壇	しゆみだん	2
厭	いと	2
将軍	たいじゆ	2
旗幟	きし	2
汝	うぬ	2
爪牙	そうが	2
容保	かたもり	2
京洛	けいらく	2
正念場	しようねんば	2
報	し	2
黒谷	くろだに	2
鉄鋲	てつびよう	2
猛者	もさ	2
音	ね	2
撒	ま	2
筆	て	2
懈怠	げたい	2
主税	ちから	2
遊説	ゆうぜい	2
烏丸	からすま	2
鴻池	こうのいけ	2
塔頭	たつちゆう	2
人体	にんてい	2
尚忠	ひさただ	2
詮議	せんぎ	2
鎮	しず	2
一時間	はんとき	2
淹	い	2
葭屋町	よしやまち	2
烝	すすむ	2
鍼医	はりい	2
久坂玄瑞	くさかげんずい	2
情婦	おんな	2
屋	や	2
裸形	らぎよう	2
中壺	なかつぼ	2
隼人	はやと	2
凧	たこ	2
詠	よ	2
漢	おとこ	2
麩屋町	ふやまち	2
小柄	こづか	2
削	そ	2
風情	ふぜい	2
情夫	おとこ	2
楯	だて	2
芳駕籠	よしかご	2
上方	かみがた	2
禁闕	きんけつ	2
現今	いま	2
唐	から	2
下向	げこう	2
元治	げんじ	2
性	しよう	2
牛耳	ぎゆうじ	2
床几	しようぎ	2
企	くわだ	2
実成院	じつじよういん	2
孝允	たかよし	2
鼎蔵	ていぞう	2
佶麿	よしまろ	2
剽悍	ひようかん	2
罷	まか	2
大焚火	おおたきび	2
帷子	かたびら	2
正	しよう	2
風折烏帽子	かざおりえぼし	2
直垂	ひたたれ	2
白絽	しろろ	2
三樹三郎	みきさぶろう	2
宛然	えんぜん	2
当今	いま	2
大蔵	おおくら	2
夷狄	いてき	2
黒羽二重	くろはぶたえ	2
東下	とうげ	2
外様	とざま	2
曝	さら	2
恃	たの	2
苗字	みようじ	2
草莽	そうもう	2
法眼	ほうげん	2
魁	さきがけ	2
仏頂面	ぶつちようづら	2
五月	さつき	2
深雪	みゆき	2
藉	か	2
半刻	はんとき	2
柄高	えだか	2
平星眼	ひらせいがん	2
西洞院	にしのとういん	2
褌	まわし	2
佳	よ	2
応	こた	2
相談	はか	2
本音	ほんね	2
饒舌	じようぜつ	2
此処	ここ	2
油小路	あぶらのこうじ	2
膿	う	2
袂	たもと	2
銭取橋	ぜにとりばし	2
研	と	2
紫陽花	あじさい	2
豪宕	ごうとう	2
並	なみ	2
兵站部	へいたんぶ	2
奔	はし	2
風体	ふうてい	2
裏金	うらきん	2
可笑	おか	2
冠木門	かぶきもん	2
瞼	まぶた	2
御香宮	ごこうのみや	2
山砲	さんぽう	2
蛇	じや	2
墨染	すみぞめ	2
轟	ごう	2
現代	いま	2
弾	たま	2
炸裂	さくれつ	2
物打	ものうち	2
霰弾	さんだん	2
装	よそお	2
背嚢	はいのう	2
修羅場	しゆらば	2
退	しりぞ	2
歩兵頭	ほへいがしら	2
陥	おと	2
武揚	たけあき	2
戎服	じゆうふく	2
大阪湾	ちぬのうみ	2
駿河	するがの	2
相好	そうごう	2
主計	かずえ	2
要	い	2
春日	かすが	2
頭	こうべ	2
聚落	しゆうらく	2
下野	しもつけ	2
錐	きり	2
遮蔽物	しやへいぶつ	2
倦	あ	2
帰趨	きすう	2
潰走	かいそう	2
彫	ほ	2
卓子	テーブル	2
外套	マンテル	2
川汲	かわくみ	2
当別	とうべつ	2
木古内	きこない	2
餞別	せんべつ	2
甲鉄艦	ストーン・ウオール	2
丁卯	ていぼう	2
晨風	しんぷう	2
陸	おか	2
気圧	けお	2
土方歳三	ひじかたとしぞう	1
地言葉	じことば	1
蝮	まむし	1
武蔵	むさし	1
府中	ふちゆう	1
浴衣	ゆかた	1
裾	すそ	1
紺無地幅広	こんむじはばびろ	1
粋	いき	1
素小鬢	すこびん	1
結	ゆ	1
分際	ぶんざい	1
髷	まげ	1
稽古着	けいこぎ	1
強姦	ころ	1
六社明神	ろくしやみようじん	1
三多摩	さんたま	1
一郷	いちごう	1
浄闇	じようあん	1
下谷保	しもやぼう	1
提灯	ちようちん	1
節	ふし	1
茨	いばら	1
戌ノ刻	はちじ	1
地口	じぐち	1
蘇枋色	すおういろ	1
高張	たかはり	1
夜市	よいち	1
羞恥癖	しゆうちへき	1
囃	はや	1
獰猛	どうもう	1
情交	まじわ	1
慄	ふる	1
生娘	きむすめ	1
逗留	とうりゆう	1
散薬	さんやく	1
打身	うちみ	1
専修坊	せんじゆぼう	1
院主	いんじゆ	1
数寄屋造	すきやづく	1
縞	しま	1
股引	ももひき	1
子	ね	1
見映	みば	1
貴	たか	1
小桜	こざくら	1
社家	しやけ	1
巫女舞	みこまい	1
果	は	1
猥雑	わいざつ	1
大国魂	おおくにたま	1
矢声	やごえ	1
渡御	とぎよ	1
男神	おがみ	1
賑	にぎ	1
衣裳	いしよう	1
比翼	ひよく	1
替裾	かわりずそ	1
匂	にお	1
眩惑	めくる	1
錦	にしき	1
海藻	ひじき	1
肌	はだ	1
地肌	じはだ	1
則重	のりしげ	1
越中	えつちゆう	1
香	が	1
五葉菊	ごようぎく	1
従四位下	じゆしいのげ	1
佐絵	さえ	1
蚊帳	かや	1
羞	はず	1
寝間	ねま	1
赤地錦	あかじにしき	1
短刀	さすが	1
嬰児	やや	1
堂上家	どうじようけ	1
伊織	いおり	1
御簾中	ごれんちゆう	1
作男	あらしこ	1
本所	ほんじよ	1
小普請組	こぶしんぐみ	1
嫁	とつ	1
諸大夫家	しよだいぶけ	1
掃部	かもん	1
六車宗伯	ろくしやそうはく	1
猪首	いくび	1
蕨	わらび	1
柳剛流	りゆうごうりゆう	1
喧嘩	けんか	1
勝太	かつた	1
秩父	ちちぶ	1
高麗	こまの	1
郡	こおり	1
比留間	ひるま	1
菰包	こもづつ	1
日野宿	ひのじゆく	1
康重	やすしげ	1
夜這	よば	1
入牢	じゆろう	1
肉厚	にくあつ	1
喚	わめ	1
剣尖	けんさき	1
左諸手	ひだりもろて	1
刃	やいば	1
退	さが	1
薙刀	なぎなた	1
柳町	やなぎちよう	1
仕手	して	1
漆	うるし	1
小半刻	こはんとき	1
気倒	けお	1
戞	かつ	1
萎	しお	1
調布	ちようふ	1
布田	ふだ	1
国領	こくりよう	1
五	ご	1
宿	じゆく	1
飯盛女	めしもりおんな	1
商人	あきんど	1
羅紗地	ラシヤじ	1
樫地	かしじ	1
地方	じかた	1
出教授	できようじゆ	1
伝通院	でんづういん	1
沖田総司	おきたそうじ	1
紺々	こんこん	1
掻	か	1
獲	と	1
四半刻	しはんとき	1
上	こ	1
屋	こ	1
鬢	びん	1
連雀	れんじやく	1
小仏峠	こぼとけとうげ	1
入府	にゆうふ	1
千人町	せんにんまち	1
臑	すね	1
七里研之助	しちりけんのすけ	1
縛	しば	1
厩橋	うまやばし	1
贅肉	ぜいにく	1
支度	したく	1
籠手	こて	1
取立免状	とりたてめんじよう	1
勝負	かちまけ	1
起籠手	おこりごて	1
新手	あらて	1
仕様	しざま	1
腋下	わきした	1
刺子	さしこ	1
奇良	まさよし	1
咄	はなし	1
乱離骨灰	らりこつぱい	1
股	もも	1
振	ふる	1
否	ひ	1
軽捷	けいしよう	1
獲	え	1
容貌	かお	1
香	こう	1
抗	あらが	1
兄	あに	1
三味	しやみ	1
洒脱	しやだつ	1
仕業	しわざ	1
垣間	かいま	1
表情	いろ	1
天王	てんのう	1
九品仏	くほんぶつ	1
式台	しきだい	1
愛想	あいそ	1
袴	はかま	1
二十	はたち	1
大山詣	おおやままい	1
猿田彦	さるだひこ	1
攘夷論	じよういろん	1
牛頭天王	ごずてんのう	1
神符	おふだ	1
凝然	ぎようぜん	1
爛	らん	1
拗	すね	1
長屋門	ながやもん	1
在	あ	1
固陋	ころう	1
安堵	あんど	1
直	じき	1
分倍河原	ぶばいがわら	1
中天	ちゆうてん	1
唇許	くちもと	1
砥石	といし	1
研師	とぎし	1
草履	ぞうり	1
下司下根	げすげこん	1
狼狽	ろうばい	1
晦	くら	1
正光院	しようこういん	1
権	ごん	1
博奕	ばくち	1
賭場	とば	1
袋叩	ふくろだた	1
卒塔婆	そとば	1
鎧	よろい	1
堀兼	ほりかね	1
相模	さがみ	1
乱暴者	ばらがき	1
北詰	きたづ	1
外	そ	1
巾着	きんちやく	1
先様	さきさま	1
賞	ほ	1
在家	ざいけ	1
今日	こんにち	1
分梅	ぶばい	1
挟	はさ	1
痒	かゆ	1
侵入	はい	1
伊香保	いかほ	1
衒気	げんき	1
後詰	ごづ	1
左袈裟	ひだりげさ	1
木	こ	1
下闇	したやみ	1
開	あ	1
前	めい	1
小面	こづら	1
何刻	なんどき	1
亥	よつつ	1
脂光	あかびか	1
桟	さん	1
膩薬	あぶらぐすり	1
焼酎	しようちゆう	1
童唄	わらべうた	1
烏	からす	1
啼	な	1
好悪	こうお	1
狼狽	うろたえ	1
旅塵	ほこり	1
桶	おけ	1
浸	つ	1
未曾有	みぞう	1
桃井春蔵	もものいしゆんぞう	1
蝟集	いしゆう	1
面籠手	めんこて	1
多士済々	たしせいせい	1
駕籠	かご	1
近藤	せんせい	1
剣客	そいつ	1
七里	あいつ	1
脛	すね	1
免	めん	1
折助	おりすけ	1
惣菜	そうざい	1
雑魚	ざこ	1
蚤	のみ	1
敏捷	びんしよう	1
上士	じようし	1
俊髦	しゆんぼう	1
煤	すす	1
御意	ぎよい	1
縞地	しまじ	1
懐	なつか	1
端	はし	1
体作	ていづく	1
戸張節五郎	とばりふしごろう	1
小兵	こひよう	1
然	ぜん	1
常寸	じようすん	1
大柄	おおがら	1
威圧	おし	1
前	めえ	1
下段	げだん	1
試	ため	1
日向	ひなた	1
起頭	おこりがしら	1
撞木	しゆもく	1
所詮	しよせん	1
田臭	でんしゆう	1
退	の	1
沁	し	1
採	と	1
気障	きざ	1
酒肴	しゆこう	1
暫時	ざんじ	1
今日風	こんにちふう	1
拝跪	はいき	1
眼福至極	がんぷくしごく	1
巧者	こうしや	1
打物	うちもの	1
負	ひ	1
話柄	わへい	1
請	う	1
招	よ	1
約定	やくじよう	1
苦	にが	1
諸肌	もろはだ	1
村	むら	1
角力	ずもう	1
木賃宿	きちんやど	1
若	わか	1
襲	や	1
韋駄天	いだてん	1
繰	く	1
老院主	ろういんじゆ	1
嫁	い	1
元亀	げんき	1
天正	てんしよう	1
一重	ひとえ	1
手負	ておい	1
西武	せいぶ	1
覇	は	1
軒端	のきば	1
小宿	こじゆく	1
什器蔵	じゆうきぐら	1
惹	ひ	1
囁	ささや	1
温和	おとな	1
抗	さから	1
堪忍	かんにん	1
土用	どよう	1
性根	しようね	1
武器	えもの	1
墜	おと	1
顔馴染	かおなじみ	1
功徳	くどく	1
夜発	よだ	1
勘	かん	1
露	ば	1
戯言	ざれごと	1
濁酒	どぶ	1
嗜	たしな	1
腸	はらわた	1
戯作	げさく	1
殷賑	いんしん	1
闇組	くらやみぐみ	1
郊外	はずれ	1
坂東	ばんどう	1
土方次郎	ひじかたのじろう	1
東鑑	あずまかがみ	1
被官	ひかん	1
小競合	こぜりあい	1
戦法	やりかた	1
乙	おつ	1
面妖	おかし	1
注連縄	しめなわ	1
掌	て	1
竹札	たけふだ	1
廃	すた	1
七九	しちく	1
注連	しめ	1
大日	だいにち	1
代僧	だいそう	1
代詣	だいまい	1
山城	やましろ	1
近江	おうみ	1
比叡山	ひえいざん	1
日枝	ひえ	1
延暦寺	えんりやくじ	1
勧請	かんじよう	1
祠	ほこら	1
梟	ふくろう	1
下手	したて	1
飛地	とびち	1
扼	やく	1
関銭	せきぜに	1
供	とも	1
裏籠手	うらごて	1
後	あと	1
鈍	どん	1
質	たち	1
公卿	くげ	1
虎列剌	コレラ	1
数奇	さつき	1
咳	せき	1
蔓延	まんえん	1
山内	さんない	1
月岑	げつしん	1
武江	ぶこう	1
犀角	さいかく	1
夜舖	よみせ	1
花柳街	いろまち	1
髪結床	かみゆいどこ	1
風上	かざかみ	1
一昨年	おととし	1
掃部	かもんの	1
頭	かみ	1
直弼	なおすけ	1
面妖	みよう	1
罹	かか	1
松床	まつどこ	1
患	わずら	1
米櫃	こめびつ	1
工面	くめん	1
金穀	きんこく	1
猖獗	しようけつ	1
鷲	おおとり	1
現実	ありよう	1
水滸伝	すいこでん	1
梁山泊	りようざんぱく	1
落胤	らくいん	1
播州	ばんしゆう	1
一	はじめ	1
無代	ただ	1
食扶持	くいぶち	1
飯櫃	はち	1
山南	やまなみ	1
干	ひ	1
筆蹟	て	1
迎合	げいごう	1
阿諛	おべつか	1
情報	はなし	1
長	た	1
周防	すおうの	1
高輪	たかなわ	1
筐	はこ	1
納	い	1
忠敏	ただとし	1
檄文	げきぶん	1
武士	ぶし	1
汎武士	はんぶし	1
先手	さきて	1
辺	べ	1
大先生	ごいんきよ	1
将来	すえ	1
直参	とのさま	1
然	しか	1
二合半	こなから	1
坂	ざか	1
上総	かずさの	1
介	すけ	1
連枝	れんし	1
将軍家	たいじゆこう	1
現代	とうせつ	1
浪漫	ロマン	1
正成	まさしげ	1
河内	かわち	1
簒奪	さんだつ	1
樫材	かしざい	1
刀箪笥	かたなだんす	1
口	ふり	1
束	たば	1
夫婦	ふたり	1
金子	きんす	1
上	うえ	1
虎徹	こてつ	1
愛宕	あたご	1
下	した	1
生死	しようじ	1
輿入	こしい	1
傲岸不遜	ごうがんふそん	1
兼定	かねさだ	1
上作	じようさく	1
異名	いみよう	1
之	ノ	1
人間無骨	にんげんぶこつ	1
盲	めし	1
嗤	わら	1
刀師	れんぢゆう	1
一口	ひとふり	1
値	あた	1
廉	やす	1
運賦天賦	うんぷてんぷ	1
誕生	うま	1
事実	はなし	1
奉行所	おかみ	1
砥	と	1
蝋色	ろいろ	1
黒漆	こくしつ	1
小豆	あずき	1
粒	つぶ	1
柾目肌	まさめはだ	1
狐憑	きつねつ	1
調伏	ちようぶく	1
打粉	うちこ	1
清水谷	しみずだに	1
稲荷	いなり	1
縁	ふち	1
一蹶	いつけつ	1
死地	なか	1
空	くう	1
左拳	ひだりこぶし	1
右眼窩	みぎがんか	1
滲	にじ	1
壬生郷	みぶごう	1
朱雀大路	すざくおおじ	1
郊	まち	1
床	とこ	1
前栽	せんざい	1
数寄者	すきしや	1
尺度	しやくど	1
目付役	めつけやく	1
組頭	くみがしら	1
祐天	ゆうてん	1
桃珉	とうみん	1
新見錦	にいみにしき	1
先生面	せんせいづら	1
壬生菜	みぶな	1
真底	しんぞこ	1
干魚	ほしざかな	1
八双	はつそう	1
紅殻	べんがら	1
京格子	きようごうし	1
憮然	ぶぜん	1
碧血	へきけつ	1
剽勇	ひようゆう	1
食	は	1
妨	さまた	1
禁裡	きんり	1
御感	ぎよかん	1
叡慮	えいりよ	1
腐	くさ	1
肉	み	1
芹沢鴨	せりざわかも	1
天狗党	てんぐとう	1
例	くだん	1
入洛	じゆらく	1
有無	うむ	1
朴念仁	ぼくねんじん	1
会津	あいづ	1
誅戮	ちゆうりく	1
万	ばん	1
外島機兵衛	とじまきへえ	1
利	き	1
金飛脚	かねびきやく	1
金戒光明寺	こんかいこうみようじ	1
大方丈	だいほうじよう	1
戯	ざ	1
俚謡	りよう	1
本夕	ほんせき	1
傀儡師	かいらいし	1
空家	あきや	1
首尾	しゆび	1
尿	ゆばり	1
悠々	ゆうゆう	1
夷川	えびすがわ	1
勅諚	ちよくじよう	1
生麦	なまむぎ	1
深傷	ふかで	1
纏	まと	1
元祇園社	もとぎおんしや	1
壬生浪	みぶろ	1
嘲	あざ	1
費	つか	1
経費	ぞうよ	1
黒縮緬	くろちりめん	1
夕餉	ゆうげ	1
高望	たかのぞ	1
助勤	じよきん	1
昌平黌	しようへいこう	1
鞅掌録	おうしようろく	1
外套	がいとう	1
大髪	だいはつ	1
頭	かしら	1
偉	ふとぶと	1
建仁寺	けんにんじ	1
伝	でん	1
鴨川	かもがわ	1
黄昏	たそがれ	1
雑掌	ざつしよう	1
跳梁	ちようりよう	1
閏	うるう	1
猿	ましら	1
帯刀	たてわき	1
宇郷玄蕃	うごうげんば	1
執拗	しつよう	1
先斗町	ぽんとちよう	1
狭斜	きようしや	1
淡	あわ	1
癆痎	ろうがい	1
木屋町	きやまち	1
紅次	べにじ	1
股立	ももだち	1
右袈裟	みぎげさ	1
枡	ます	1
喧	かまびす	1
狼藉	ろうぜき	1
敵	かたき	1
大寺	おおでら	1
盂蘭盆	うらぼん	1
鉦	かね	1
読経	どきよう	1
抹香	まつこう	1
新仏	にいぼとけ	1
守人	もりと	1
発心	ほつしん	1
士大夫	したいふ	1
鋳型	いがた	1
紊乱	びんらん	1
厠	かわや	1
老坂	おいのさか	1
備中	びつちゆう	1
股肱	てあし	1
屁	へ	1
御倉伊勢武	みくらいせたけ	1
謳	うた	1
意味	こころ	1
怯懦	きようだ	1
紊	みだ	1
瀆	けが	1
富岳	ふがく	1
奢	おご	1
鑑	かがみ	1
強請	ゆすり	1
高麗橋	こうらいばし	1
角屋	すみや	1
辰	たつ	1
絽	ろ	1
仙台平	せんだいひら	1
桂木	かつらぎ	1
大夫	だゆう	1
大夫	こつたい	1
金蒔絵	きんまきえ	1
大門	おおもん	1
左様	さい	1
三方	さんかた	1
介錯	かいしやく	1
剥奪	はくだつ	1
不逞	ふてい	1
摚	どう	1
馴染	なじみ	1
罵	ののし	1
逆手	さかて	1
愧	は	1
悖	もと	1
出会	でく	1
火傷	やけど	1
沈湎	ちんめん	1
呉服	ふともの	1
手籠	てご	1
台	だい	1
殺戮	さつりく	1
荒神口	こうじんぐち	1
同衾	どうきん	1
文机	ふづくえ	1
肩胛	かいがら	1
骨	ぼね	1
穴籠	あなごも	1
小糠雨	こぬかあめ	1
拒	こば	1
華葱窓	かそうまど	1
硯箱	すずりばこ	1
内容	なか	1
瘧	おこり	1
御苦吟	ごくぎん	1
石巴	せきは	1
硯	すずり	1
噺	はなし	1
鳶	とんび	1
止	や	1
墨	すみ	1
生家	さと	1
床上手	とこじようず	1
遊	あそ	1
女	め	1
暁	あかつき	1
清水	きよみず	1
物詣	ものもう	1
前関白	さきのかんぱく	1
和宮	かずのみや	1
隠遁	いんとん	1
化物	ばけもの	1
下	しも	1
男衆	おとこし	1
公卿	こつ	1
里下	さとさが	1
女	ひと	1
荒	すさ	1
恋	こ	1
逢瀬	おうせ	1
褪	あ	1
綺羅	きら	1
震撼	しんかん	1
侮蔑	ぶべつ	1
情事	なか	1
隠棲	いんせい	1
尼門跡	あまもんぜき	1
里御坊	さとごぼう	1
後	うし	1
錚々	そうそう	1
窺	うかが	1
四	よ	1
路	じ	1
沢山	ぎようさん	1
樽	たる	1
屯	たむろ	1
蹲踞	そんきよ	1
柄	つか	1
銹	さ	1
芋道場	いもどうじよう	1
泥臭	どろく	1
適	あ	1
泥鰌	どじよう	1
臭	くせ	1
弾	はず	1
物蔭	ものかげ	1
沸	たぎ	1
肥	ふと	1
家茂	いえもち	1
怯者	きようしや	1
蟄居	ちつきよ	1
達磨	だるま	1
陋習	ろうしゆう	1
強靭	きようじん	1
気色	けしき	1
元亀天正	げんきてんしよう	1
法度書	はつとがき	1
背	そむ	1
闘	たたか	1
藪蛇	やぶへび	1
面	おもて	1
枢機	すうき	1
我孫子	あびこ	1
薪木	くろき	1
大原女	おはらめ	1
日和雨	そばえ	1
祇園会	ぎおんえ	1
干菓子	ひがし	1
魁	かい	1
修験者	しゆげんじや	1
黙劇	パントマイム	1
映	うつ	1
緊	しま	1
情報	ききこみ	1
訪	と	1
本圀寺	ほんこくじ	1
兵輔	ひようすけ	1
人懐	ひとなつ	1
土寇的	どこうてき	1
土匪	どひ	1
古高	ふるたか	1
嘯集	しようしゆう	1
謀反	むほん	1
梳	す	1
示唆	しさ	1
丹虎	たんとら	1
霍乱	かくらん	1
折	おり	1
悪敷	あしく	1
下拙	げせつ	1
亥	い	1
一時余	いつときよ	1
追々	おいおい	1
稀	まれ	1
鉢金	はちがね	1
刀痕	とうこん	1
紅殻壁	べんがらかべ	1
執行	しぎよう	1
屋	おく	1
対馬	つしま	1
藩	はん	1
命冥加	いのちみようが	1
稔麿	としまろ	1
松助	まつすけ	1
浪秀	なみひで	1
稜威雄	みずお	1
乙之進	おとのしん	1
女中衆	おなごし	1
粗忽	そこつ	1
捧	ささ	1
反駁	はんばく	1
眼庇	まびさし	1
木錠	もくじよう	1
仰天	ぎようてん	1
段梯子	だんばしご	1
愛弟子	まなでし	1
猥	みだ	1
遭遇	そうぐう	1
対峙	たいじ	1
屍	しかばね	1
立腹	たちばら	1
楯	たて	1
人別外	にんべつがい	1
御工風	ごくふう	1
定敬	さだあき	1
疏通	そつう	1
与力	よりき	1
素姓	すじよう	1
地付	じつき	1
御家人並	ごけにんなみ	1
面妖	めんよう	1
嵯峨	さが	1
巨刹	きよさつ	1
練塀	ねりべい	1
下嵯峨	しもさが	1
神保	じんぼう	1
強談	ごうだん	1
掛矢	かけや	1
填	こ	1
冤	えん	1
真木	まき	1
主上	しゆじよう	1
玉	ぎよく	1
虎口	ここう	1
恫喝	どうかつ	1
乙訓郡	おとくにぐん	1
来島	きじま	1
篝火	かがりび	1
国司信濃	くにししなの	1
蛤御門	はまぐりごもん	1
骨董品	こつとうひん	1
出雲	いずも	1
観柳斎	かんりゆうさい	1
武家有職	ぶけゆうそく	1
兜	かぶと	1
摩利支天	まりしてん	1
制服羽織	はんてん	1
勧進橋	かんじんばし	1
蒔田	まきた	1
篝火	かがり	1
鯖江	さばえ	1
膳所	ぜぜ	1
柏原	かいばら	1
篠山	ささやま	1
出石	いずし	1
選鋒隊	せんぽうたい	1
上	かみ	1
大仏	だいぶつ	1
采女	うねめの	1
氏彬	うじあきら	1
筋違橋	すじかいばし	1
真直中	まつただなか	1
錯綜	さくそう	1
叱咤	しつた	1
夾撃	きようげき	1
萌黄縅	もえぎおどし	1
雲竜	うんりよう	1
討会奸薩賊	とうかいかんさつぞく	1
大旆	たいはい	1
下立売門	しもだちうりもん	1
中立売門	なかだちうりもん	1
一橋兵	ひとつばしへい	1
鮒鮨	ふなずし	1
訃報	ふほう	1
甲子太郎	かしたろう	1
稀覯本	きこうぼん	1
常陸	ひたち	1
志筑	しずく	1
勁烈	けいれつ	1
直談	じきだん	1
奥義	おうぎ	1
閥	ばつ	1
比喩	ひゆ	1
檄	げき	1
眼鯨	めくじら	1
落	おと	1
胤	だね	1
走狗	そうく	1
佞弁	ねいべん	1
綻	ほころ	1
金打	きんちよう	1
覇府	はふ	1
不日	ふじつ	1
七子	ななこ	1
紋付袷	もんつきあわせ	1
竪縞	たてじま	1
金象嵌	きんぞうがん	1
剃刀	かみそり	1
匕首	あいくち	1
薄刃	うすば	1
鎚	つち	1
大法螺	おおぼら	1
喙	くちばし	1
容	い	1
他言	たごん	1
来	きた	1
西陬	せいすう	1
藁人形	わらにんぎよう	1
擁	よう	1
拠	よ	1
七	し	1
三	め	1
之助	のすけ	1
奪	うば	1
座長	ざがしら	1
土偶	でく	1
観巧者	みごうしや	1
臆	おく	1
宛	あ	1
止	よ	1
万世	よろずよ	1
御代	おんよ	1
駐旆所	ちゆうはいじよ	1
一橋慶喜	ひとつばしよしのぶ	1
分	ぶん	1
時世	ときよ	1
磧	がわら	1
協	たす	1
湿板	しつばん	1
背後	バツク	1
舎密	せいみ	1
南京寺	ナンキンでら	1
写真	ほとがら	1
形相	ぎようそう	1
暁	あけ	1
関係	かかわり	1
諸天	しよてん	1
蛇蝎	だかつ	1
弛	ゆる	1
毀誉褒貶	きよほうへん	1
敦賀	つるが	1
筑波山	つくばさん	1
玄蕃頭	げんばのかみ	1
剥	む	1
赤裸	あかはだか	1
来迎寺	らいこうじ	1
昵懇	じつこん	1
翠	みどり	1
葛湯	くずゆ	1
使	いし	1
明里	あけさと	1
室内	なか	1
総攬	そうらん	1
馬標	うまじるし	1
慶永	よしなが	1
可悪	にくむべき	1
入説	にゆうぜい	1
彼奴	あいつ	1
離縁	いな	1
嬶貰	かかもろ	1
長	ひさ	1
杯	さかずき	1
諧謔	かいぎやく	1
誦	よ	1
訓	よ	1
流浪	るろう	1
帝	みかど	1
恩智左近	おんじのさこん	1
瀟洒	しようしや	1
盟	ちか	1
言	こと	1
葉草	はぐさ	1
多	さは	1
摂海	せつかい	1
青蓮院流	しようれんいんりゆう	1
弔	とむら	1
主水	もんどの	1
宍戸備後助	ししどびんごのすけ	1
璣	たまき	1
雲	ぐも	1
花昌町	かしようちよう	1
醒	さめ	1
井	い	1
東雲	しののめ	1
金	こがね	1
振舞	ふるまい	1
山繭	やままゆ	1
申付	もうしつけ	1
銚子	ちようし	1
廓	くるわ	1
慍	いか	1
魘	おそ	1
縁起	えんぎ	1
暁方	あけがた	1
床入	とこい	1
躾	しつけ	1
刑部	ぎようぶ	1
唐傘	からかさ	1
宙空	ちゆうくう	1
泥濘	ぬかるみ	1
背	うし	1
十津川	とつがわ	1
光顕	みつあき	1
蜘蛛	くも	1
龕燈	がんどう	1
砦	とりで	1
年貢	ねんぐ	1
旨	うま	1
馬糞	まぐそ	1
渾身	こんしん	1
功者	こうしや	1
甲	こう	1
印籠	いんろう	1
内井戸	うちいど	1
内儀	ないぎ	1
鉄釉	てつゆう	1
金創	きんそう	1
白愈膏	びやくゆこう	1
蝋燭	ろうそく	1
遠灯	とおび	1
襲	かさ	1
襦袢	じゆばん	1
晒	さらし	1
浅草寺	せんそうじ	1
瞬	まばた	1
汚	けが	1
眩	くら	1
差配	やもり	1
質舗	しちみせ	1
火熨斗	ひのし	1
物	もの	1
柄巻	つかまき	1
紅霞	こうか	1
良道	ながみち	1
円山派	まるやまは	1
収入	みいり	1
師走	しわす	1
惻隠	そくいん	1
底	てい	1
壱岐守	いきのかみ	1
長人	ちようじん	1
幕下	ばつか	1
得体	えたい	1
真臣	さねおみ	1
長行	ながみち	1
木強漢	ぼつきようかん	1
御直参	ごじきさん	1
脱藩	くにぬ	1
訣別	けつべつ	1
結構人	けつこうじん	1
泉涌寺	せんにゆうじ	1
灌木	かんぼく	1
大紅葉	いちぎよういん	1
秦林親	はたしげちか	1
露顕	ばれ	1
莨	たばこ	1
流寓	りゆうぐう	1
吐月峰	はいふき	1
隊内	なか	1
赤光	しやくこう	1
西山	にしやま	1
東洞院	ひがしのとういん	1
六角	ろつかく	1
水口藩	みなぐちはん	1
忍藩	おしはん	1
蛸薬師	たこやくし	1
化粧	けわい	1
市井	しせい	1
高幡不動	たかはたふどう	1
懐	なつ	1
適	かな	1
貴種	きしゆ	1
魅	ひ	1
館	やかた	1
越後屋町	えちごやまち	1
冥加	みようが	1
修法	しゆほう	1
助人	すけつと	1
陥穽	かんせい	1
沖天	ちゆうてん	1
燻	いぶ	1
酢	す	1
天誅	てんちゆう	1
憎態	にくてい	1
奴	め	1
杵柄	きねづか	1
二条堤	にじようづつみ	1
中洲	なかす	1
葦	あし	1
草叢	くさむら	1
空	あき	1
滑稽劇	にわか	1
平押	ひらお	1
煮湯	にえゆ	1
両拳	りようこぶし	1
戞	か	1
裏鎬	うらしのぎ	1
中空	ちゆうくう	1
真向	まつこう	1
臥	ふ	1
厩舎	うまや	1
逸物	いちもつ	1
釜座	かまんざ	1
衣棚	ころものたな	1
甲高	かんだか	1
梟首	さらしくび	1
同僚	なかま	1
益	えき	1
御幸町	ごこうまち	1
一穂	いつすい	1
灯	ひ	1
面持	おももち	1
嵐峡	らんきよう	1
韻事	いんじ	1
何字	なんじ	1
容姿	かおかたち	1
毛内	もうない	1
気	け	1
頓挫	とんざ	1
木遣	きや	1
比々	ひひ	1
先陣	さきがけ	1
罷越	まかりこ	1
首足	しゆそく	1
処	ところ	1
異	こと	1
沮	はば	1
終	つい	1
衛士	えじ	1
梅雨	つゆ	1
寂寞	せきばく	1
端居	はしい	1
嬶	かかア	1
下染屋	しもそめや	1
粕谷	かすや	1
良循	りようじゆん	1
素封家	そほうか	1
鼾	いびき	1
奇矯	ききよう	1
大御番組頭取	おおごばんぐみとうどり	1
顕職	けんしよく	1
陪臣	またもの	1
冒	おか	1
小荷駄方	こにだがた	1
利通	としみち	1
幔幕	まんまく	1
言伝	ことづけ	1
俯	ふ	1
籠	こも	1
攪乱	こうらん	1
姿	なり	1
御定法	ごじようほう	1
装束	こしらえ	1
関札	せきふだ	1
上背	うわぜい	1
単衣	ひとえ	1
婢女	はしため	1
菰田	こもだ	1
鉄砲洲	てつぽうず	1
瓊子	たまこ	1
剣呑	けんのん	1
猛	たけ	1
頭	ず	1
姪	めい	1
櫛笄	くしこうがい	1
楓	かえで	1
破笑	わら	1
縁談	はなし	1
担	にな	1
慶喜	よしのぶ	1
濛気	もうき	1
京	ここ	1
棟梁	とうりよう	1
不易	ふえき	1
易	かわ	1
摂津	せつつ	1
凍	い	1
愚昧	ぐまい	1
天水桶	てんすいおけ	1
竹生島	ちくぶじま	1
大伽藍	だいがらん	1
駕	かご	1
舁	か	1
手練	てだれ	1
巨魁	きよかい	1
徐	しず	1
岡目八目流	おかめはちもくりゆう	1
謂	い	1
侵掠	しんりやく	1
疾	はや	1
雷震	らいしん	1
誅	ちゆう	1
価	あたい	1
陋固	ろうこ	1
駐	とど	1
本性	ほんしよう	1
情	じよう	1
歔欷	きよき	1
千本町	せんぼんちよう	1
御所方	ごしよがた	1
賄方	まかないかた	1
率	ひき	1
西宮	にしのみや	1
浜	はま	1
怖	こわ	1
打出浜	うちでのはま	1
偉方	えらがた	1
何梯団目	なんていだんめ	1
今昔	こんじやく	1
目	め	1
傘	がさ	1
中年増	ちゆうどしま	1
油桐屋	ゆとうや	1
字	じ	1
引鉄	ひきがね	1
肩胛骨	けんこうこつ	1
羊羹型	ようかんがた	1
葭島	よしじま	1
錆	さ	1
鉛弾	えんだん	1
摂	と	1
逗子	ずし	1
語彙	ごい	1
障	さわ	1
頽勢	たいせい	1
具視	ともみ	1
八面六臂	はちめんろつぴ	1
討薩表	とうさつひよう	1
強訴	ごうそ	1
正質	まさただ	1
卦	け	1
諳	そら	1
友実	ともざね	1
城	じよう	1
掠	かす	1
生得	しようとく	1
戎装	じゆうそう	1
白洲	しらす	1
樗	おうち	1
東寺	とうじ	1
鎮雄	しずお	1
道貫	みちつら	1
内匠	たくみ	1
顕義	あきよし	1
梧楼	ごろう	1
干城	たてき	1
元治	もとはる	1
安定	やすさだ	1
一献	いつこん	1
巌	いわお	1
冗談	チヤリ	1
放列	ほうれつ	1
鎧	よろ	1
播磨	はりまの	1
椎原	しいはら	1
鋠蔵	しんぞう	1
柵門	さくもん	1
首途	かどで	1
庇	ひさし	1
憎体	にくてい	1
梃子	てこ	1
面構	つらがま	1
憎体面	にくていづら	1
五足	いつあし	1
八丁畷	はつちようなわて	1
両替町	りようがえまち	1
吉継	よしつぐ	1
大御番組	おおごばんぐみ	1
威猛高	いたけだか	1
豊前守	ぶぜんのかみ	1
歩兵	やつら	1
分	ぶ	1
水郷	すいごう	1
天佑	てんゆう	1
近江	おうみの	1
骨柄	こつがら	1
鎮章	しずあき	1
淀堤	よどづつみ	1
仁和寺宮	にんなじのみや	1
挟撃	きようげき	1
貌	かお	1
精	せい	1
根	こん	1
金城湯池	きんじようとうち	1
聞多	もんた	1
馨	かおる	1
若州	じやくしゆう	1
畿内	きない	1
惨	さん	1
元込銃	もとごめじゆう	1
噛	か	1
内本町	うちほんまち	1
谷町筋	たにまちすじ	1
豪毅	ごうき	1
活	い	1
沈丁花	じんちようげ	1
慶喜	うえさま	1
御馬標	おうまじるし	1
沈毅	ちんき	1
誰何	すいか	1
光圀	みつくに	1
緻密	ちみつ	1
八幡	やはた	1
物語	すじ	1
美作	みまさかの	1
守氏裕	かみうじひろ	1
大御番組頭	おおごばんぐみがしら	1
新種	しんしゆ	1
和綴木版刷	わとじもくはんず	1
富士山丸	ふじやままる	1
四字	よじ	1
濠端	ほりばた	1
御定番	ごじようばん	1
生	お	1
北郭	きたくるわ	1
鴎	かもめ	1
動悸	どうき	1
丑ノ刻	ごぜんにじ	1
通	かよ	1
蛇	くちなわ	1
鬱然	うつぜん	1
西昭庵	さいしようあん	1
小径	こみち	1
酒代	さかて	1
浪華	なにわ	1
行体	ぎようてい	1
遠近	おちこち	1
木魚	もくぎよ	1
誦	ず	1
日没偈	にちもつげ	1
山中	さんちゆう	1
籬	まがき	1
北摂	ほくせつ	1
家隆	いえたか	1
新古今集	しんこきんしゆう	1
撰	せん	1
難波	なにわ	1
庵	いおり	1
日想観	につそうかん	1
拝	おが	1
内儀	おかみ	1
柴折戸	しおりど	1
樟	くす	1
木下闇	このしたやみ	1
家隆塚	かりゆうづか	1
弥陀	みだ	1
御国	みくに	1
自然	じねん	1
声音	こわね	1
堪能	たんのう	1
上手	じようず	1
昵	なじ	1
女人	によにん	1
二夜	ふたよ	1
洩	も	1
点	つ	1
経	た	1
寂光	じやくこう	1
喫	の	1
陸奥	むつ	1
松風	まつかぜ	1
一期	いちご	1
流離	りゆうり	1
赫	あか	1
岩絵具	いわえのぐ	1
蛾眉	がび	1
抜錨	ばつびよう	1
錨	いかり	1
堵列	とれつ	1
軍艦	ふね	1
喇叭	らつぱ	1
肥田	ひだ	1
憔悴	しようすい	1
溝壑	こうがく	1
元	くび	1
溝	みぞ	1
汽罐	かま	1
厨房	ちゆうぼう	1
吐瀉	としや	1
品川宿	しながわじゆく	1
伊予塩飽	いよしあく	1
掻巻	かいまき	1
鍬次郎	くわじろう	1
芙蓉	ふよう	1
間	ま	1
祐邦	すけくに	1
化	な	1
柄	がら	1
長棒引戸	ながぼうひきど	1
権現様	ごんげんさま	1
相馬	そうま	1
乾	いぬい	1
尚	なお	1
踴躍	ようやく	1
鯨海酔侯	げいかいすいこう	1
戦	いく	1
場	ば	1
夜	よる	1
籬蔭	りいん	1
縮緬地	ちりめんじ	1
母衣	ほろ	1
書院番頭	しよいんばんがしら	1
葵	あおい	1
隊	たい	1
銃把	じゆうは	1
駒飼	こまかい	1
菜葉隊	なつぱたい	1
白	しら	1
輩	やから	1
可致	いたすべき	1
者也	ものなり	1
雨宮	あめのみや	1
里正	りせい	1
柏尾	かしお	1
神願沢	じんがんざわ	1
鹿砦	ろくさい	1
臥射	ねうち	1
立射	たちうち	1
五吉郎	ごきちろう	1
日川	ひかわ	1
白兵	はくひよう	1
近習	きんじゆう	1
稜線	りようせん	1
撃	う	1
痕	あと	1
和泉	いずみ	1
橋	ばし	1
饐	す	1
深谷	ふかや	1
主膳正	しゆぜんのしよう	1
諭	さと	1
首魁	しゆかい	1
言質	げんち	1
篆額	てんがく	1
御揮毫	ごきごう	1
芳賀宜通	はがよしみち	1
袂別	べいべつ	1
下総	しもうさ	1
磽确	こうかく	1
手配	てくば	1
煽	あお	1
茎	くき	1
榛	はん	1
行徳	ぎようとく	1
関宿	せきやど	1
味醂	みりん	1
怖	おそ	1
宿々	しゆくじゆく	1
駿府	すんぷ	1
疥癬	かいせん	1
薩摩訛	さつまなま	1
御旗扱	おはたあつかい	1
古河	こが	1
粕壁	かすかべ	1
厩舎	きゆうしや	1
申	も	1
丑満	うしみつ	1
駿河台	するがだい	1
行李	こうり	1
韮山笠	にらやまがさ	1
葺屋町	ふきやまち	1
向島	むこうじま	1
白皙	はくせき	1
赤穂	あこう	1
緒方洪庵塾	おがたこうあんじゆく	1
卿	けい	1
泥濘	でいねい	1
小山	おやま	1
結城	ゆうき	1
悌二	ていじ	1
総帥	そうすい	1
物識	ものし	1
闖入	ちんにゆう	1
憫笑	びんしよう	1
天嶮	てんけん	1
見	み	1
鹵獲	ろかく	1
鬼怒川	きぬがわ	1
蓼沼	たでぬま	1
濠	ほり	1
陥	お	1
櫓	やぐら	1
獲	う	1
鹿沼	かぬま	1
赤備	あかぞな	1
衝鋒隊	しようほうたい	1
栃木	とちぎ	1
拍	う	1
彼我	ひが	1
空濠	からぼり	1
業	ごう	1
界隈	かいわい	1
典医頭	てんいのかみ	1
効	き	1
獣肉	ももんじ	1
林	う	1
郎	ち	1
素人	しろうと	1
要	かなめ	1
納	しま	1
良人	うち	1
尾国峠	おぐにとうげ	1
炙	あぶ	1
端唄	はうた	1
拳固	げんこ	1
実	みの	1
梁	はり	1
香華	こうげ	1
看取	みと	1
菩提寺	ぼだいじ	1
朽	く	1
房良	かねよし	1
斯名	このな	1
籍々	せきせき	1
由木	ゆき	1
剽軽	ひようきん	1
諾斎	だくさい	1
真先	まつさき	1
国分町	こくぶんちよう	1
陸奥守慶邦	むつのかみよしくに	1
強悍	きようかん	1
組糸	くみいと	1
蟠竜丸	ばんりゆうまる	1
咸臨丸	かんりんまる	1
寒風沢港	さぶさわこう	1
郁之助	いくのすけ	1
釜次郎	かまじろう	1
西	かさい	1
恂太郎	じゆんたろう	1
傲然	ごうぜん	1
陸奥守	むつのかみ	1
斫	き	1
鍔元	つばもと	1
生兵法	なまびようほう	1
秉	と	1
味方	くみ	1
風采	ふうさい	1
大条	おおえだ	1
斗筲	としよう	1
主檣頭	メインマスト	1
裃	かみしも	1
面魂	つらだましい	1
旧	もと	1
海霧	ガス	1
面長	おもなが	1
備後国	びんごのくに	1
郡奉行	こおりぶぎよう	1
忠敬	ただたか	1
武規	たけのり	1
生粋	きつすい	1
丁墺	ていおう	1
墺普	おうふ	1
往事茫々	おうじぼうぼう	1
織部正利熙	おりべのしようとしひろ	1
五稜郭	ごりようかく	1
公考	きんなる	1
輔	たす	1
鳳凰	ほうおう	1
宮古湾	みやこわん	1
海蝕崖	かいしよくがい	1
立埼	たちがさき	1
尋	ひろ	1
鍬崎	くわざき	1
狭隘部	きようあいぶ	1
蓄	たくわ	1
衒学	げんがく	1
蒸気罐	じようきがま	1
碇泊	ていはく	1
丸奪	まるど	1
臍下丹田	せいかたんでん	1
稀有	けう	1
細面	ほそおもて	1
齢	とし	1
印可	しるし	1
入隊	はい	1
伝染	うつ	1
鷲	わし	1
木	き	1
蝦夷人	アイヌ	1
松前藩	まつまえはん	1
崇広	たかひろ	1
白堊	はくあ	1
知内	しりうち	1
加農	カノン	1
砲	ほう	1
搦手	からめて	1
燧石式	ひうちいししき	1
微塵	みじん	1
江差	えさし	1
海軍頭	かいぐんがしら	1
大隈	おおくま	1
重信	しげのぶ	1
鋲	びよう	1
東艦	あずまかん	1
倭寇	わこう	1
接舷攻撃	アボルダージ・ボールデイング	1
谷元	たにもと	1
隈崎	くまざき	1
長生	ながなり	1
強	し	1
火蓋	ひぶた	1
時化	しけ	1
斬撃	ざんげき	1
臍	へそ	1
神木隊	しんぼくたい	1
鍽之助	せんのすけ	1
蝦夷地	えぞち	1
久慈	くじ	1
鮫	さめ	1
艦橋	ブリツジ	1
矢田堀	やたぼり	1
鴻	こう	1
唯々	いい	1
偵察	ものみ	1
海原	うなばら	1
鎧武者	よろいむしや	1
汽罐焚	かまた	1
癇	かん	1
俺	おい	1
坅門隊	あなもんたい	1
野戦速射砲	ガツトリング・ガン	1
三十分	はんじ	1
蔵	しま	1
閉伊崎	へいさき	1
擲弾	てきだん	1
実霰合装	じつさんがつそう	1
哨兵	しようへい	1
犬吠岬	いぬぼうざき	1
前檣	ぜんしよう	1
驚愕	きようがく	1
接舷襲撃	アボルダージ	1
鉄砲弾	てつぽうだま	1
機関砲	ガツトリング・ガン	1
屍山血河	しざんけつが	1
癇症	かんしよう	1
羅紗切	ラシヤぎ	1
目庇	まびさし	1
鐙	あぶみ	1
内	うち	1
透	すか	1
矢立	やたて	1
桟橋	さんばし	1
碧	あお	1
櫂	かい	1
漕	こ	1
髪	ぐし	1
領事	ミニストル	1
反芻	はんすう	1
破顔	わら	1
詞藻	しそう	1
幾齣	いくこま	1
期	ご	1
瞑	つむ	1
乙部	おとべ	1
穿	うが	1
巷	ちまた	1
馬嚢	ばのう	1
二分金	にぶきん	1
蝦夷	えぞ	1
宿場	しゆくば	1
小切	こぎれ	1
頼上候	たのみあげそろ	1
戞々	かつかつ	1
砂原	さはら	1
矢不来	やふらい	1
二股口	ふたまたぐち	1
心形	しんぎよう	1
伊庭	いば	1
撫	ぶ	1
嘻々	きき	1
松樹山	しようじゆざん	1
鶉越	うずらごえ	1
袴腰山	はかまごしやま	1
桂岳	かつらだけ	1
芸術家	あるていすと	1
窮鼠	きゆうそ	1
勁敵	けいてき	1
掃蕩	そうとう	1
緋羅紗	ひラシヤ	1
銷沈	しようちん	1
千代	ちよ	1
岱	たい	1
気配	けはい	1
怨霊	おんりよう	1
床	ゆか	1
鍔	つば	1
偸安	とうあん	1
面妖	おか	1
具申	ぐしん	1
今朝	けさ	1
立川	たちかわ	1
鷹林	たかばやし	1
居	い	1
菩提	ぼだい	1
論理	すじだて	1
明晰	めいせき	1
降	くだ	1
屍	かばね	1
曳行	えいこう	1
布	し	1
吶喊	とつかん	1
日照雨	そばえ	1
頑癖	がんぺき	1
枷	かせ	1
殺陣	たて	1
虜	とりこ	1
高梁	たかはし	1
惟幾	これちか	1
燃	も	1
剣	けん	1
司馬太郎	しばりようたろう	1
